{
  "SA": {
    "INF134": {
      "runs": 100,
      "fitness": {
        "mean": 32.84053333333333,
        "std": 0.6433630285709505,
        "min": 31.313333333333336,
        "max": 33.91666666666667
      },
      "students_attending": {
        "mean": 34.79,
        "std": 0.4983812179284432,
        "min": 33,
        "max": 35
      },
      "execution_time": {
        "mean": 0.09118998289108277,
        "std": 0.015323022892616455,
        "min": 0.051491737365722656,
        "max": 0.1537489891052246
      }
    },
    "INF152": {
      "runs": 100,
      "fitness": {
        "mean": 30.033000000000005,
        "std": 0.42446229271268077,
        "min": 28.099999999999998,
        "max": 30.28333333333334
      },
      "students_attending": {
        "mean": 34.07,
        "std": 1.2812162781962895,
        "min": 32,
        "max": 35
      },
      "execution_time": {
        "mean": 0.10220969915390014,
        "std": 0.013624936004937416,
        "min": 0.07625699043273926,
        "max": 0.15813183784484863
      }
    },
    "INF155": {
      "runs": 100,
      "fitness": {
        "mean": 78.40993333333333,
        "std": 0.36227860377954285,
        "min": 78.06666666666666,
        "max": 79.44333333333334
      },
      "students_attending": {
        "mean": 80,
        "std": 0.0,
        "min": 80,
        "max": 80
      },
      "execution_time": {
        "mean": 0.19306163549423216,
        "std": 0.024169218319772257,
        "min": 0.13576388359069824,
        "max": 0.26273083686828613
      }
    },
    "INF245": {
      "runs": 100,
      "fitness": {
        "mean": 30.413666666666668,
        "std": 0.5325848072184477,
        "min": 28.696666666666673,
        "max": 31.349999999999998
      },
      "students_attending": {
        "mean": 32.91,
        "std": 0.35090071691478936,
        "min": 31,
        "max": 33
      },
      "execution_time": {
        "mean": 0.07340466260910034,
        "std": 0.015621207730249767,
        "min": 0.041413068771362305,
        "max": 0.13118910789489746
      }
    },
    "INF246": {
      "runs": 100,
      "fitness": {
        "mean": 55.11916666666666,
        "std": 1.2990761091536351,
        "min": 50.393333333333345,
        "max": 57.43333333333334
      },
      "students_attending": {
        "mean": 57.82,
        "std": 0.4353101761904372,
        "min": 56,
        "max": 58
      },
      "execution_time": {
        "mean": 0.165646014213562,
        "std": 0.035441326093624145,
        "min": 0.09110474586486816,
        "max": 0.3661470413208008
      }
    },
    "INF253": {
      "runs": 100,
      "fitness": {
        "mean": 62.8146,
        "std": 0.3614100642869576,
        "min": 62.05,
        "max": 63.67999999999999
      },
      "students_attending": {
        "mean": 64,
        "std": 0.0,
        "min": 64,
        "max": 64
      },
      "execution_time": {
        "mean": 0.1756629991531372,
        "std": 0.02534045856180036,
        "min": 0.1131749153137207,
        "max": 0.2861790657043457
      }
    },
    "INF256": {
      "runs": 100,
      "fitness": {
        "mean": 15.202300000000001,
        "std": 0.3130458223147005,
        "min": 13.866666666666667,
        "max": 15.360000000000001
      },
      "students_attending": {
        "mean": 17.84,
        "std": 0.5453198486885814,
        "min": 16,
        "max": 18
      },
      "execution_time": {
        "mean": 0.04904021024703979,
        "std": 0.008538672644188469,
        "min": 0.035392045974731445,
        "max": 0.12035298347473145
      }
    },
    "INF276": {
      "runs": 100,
      "fitness": {
        "mean": 45.99199999999999,
        "std": 1.558022790858653,
        "min": 41.786666666666676,
        "max": 47.009999999999984
      },
      "students_attending": {
        "mean": 52.14,
        "std": 2.005144897658536,
        "min": 45,
        "max": 53
      },
      "execution_time": {
        "mean": 0.14501150846481323,
        "std": 0.011869291262838394,
        "min": 0.11452102661132812,
        "max": 0.18808603286743164
      }
    },
    "INF280": {
      "runs": 100,
      "fitness": {
        "mean": 54.6271,
        "std": 1.0691069156459132,
        "min": 49.79666666666668,
        "max": 55.93333333333332
      },
      "students_attending": {
        "mean": 58.63,
        "std": 0.8605260312768293,
        "min": 55,
        "max": 59
      },
      "execution_time": {
        "mean": 0.15757893800735473,
        "std": 0.02062407971687876,
        "min": 0.11069083213806152,
        "max": 0.2257981300354004
      }
    },
    "INF285": {
      "runs": 100,
      "fitness": {
        "mean": 55.317333333333345,
        "std": 0.3837390621099142,
        "min": 54.90333333333335,
        "max": 56.16666666666667
      },
      "students_attending": {
        "mean": 58,
        "std": 0.0,
        "min": 58,
        "max": 58
      },
      "execution_time": {
        "mean": 0.15298463344573976,
        "std": 0.019916082237627242,
        "min": 0.10373401641845703,
        "max": 0.22519397735595703
      }
    },
    "INF295": {
      "runs": 100,
      "fitness": {
        "mean": 50.3157,
        "std": 0.37326216703854215,
        "min": 50.00000000000001,
        "max": 51.23666666666665
      },
      "students_attending": {
        "mean": 52.36,
        "std": 0.48241815132442184,
        "min": 52,
        "max": 53
      },
      "execution_time": {
        "mean": 0.15843934059143067,
        "std": 0.010586828617618558,
        "min": 0.12475013732910156,
        "max": 0.1905207633972168
      }
    },
    "INF322": {
      "runs": 100,
      "fitness": {
        "mean": 67.55770000000003,
        "std": 1.110560236674129,
        "min": 63.46333333333335,
        "max": 69.28333333333336
      },
      "students_attending": {
        "mean": 71.58,
        "std": 0.9231041177035297,
        "min": 67,
        "max": 72
      },
      "execution_time": {
        "mean": 0.2128048324584961,
        "std": 0.0144375815072339,
        "min": 0.1731719970703125,
        "max": 0.26132702827453613
      }
    }
  },
  "Solver": {
    "INF134": {
      "runs": 100,
      "fitness": {
        "mean": 33.91666666666665,
        "std": 0.0,
        "min": 33.91666666666665,
        "max": 33.91666666666665
      },
      "students_attending": {
        "mean": 35,
        "std": 0.0,
        "min": 35,
        "max": 35
      },
      "execution_time": {
        "mean": 0.531307647228241,
        "std": 0.07981674626701808,
        "min": 0.47722411155700684,
        "max": 0.858727216720581
      }
    },
    "INF152": {
      "runs": 100,
      "fitness": {
        "mean": 30.283333333333317,
        "std": 0.0,
        "min": 30.283333333333317,
        "max": 30.283333333333317
      },
      "students_attending": {
        "mean": 35,
        "std": 0.0,
        "min": 35,
        "max": 35
      },
      "execution_time": {
        "mean": 0.18696633577346802,
        "std": 0.015782752505088676,
        "min": 0.17783188819885254,
        "max": 0.25519585609436035
      }
    },
    "INF155": {
      "runs": 100,
      "fitness": {
        "mean": 79.53333333333335,
        "std": 0.0,
        "min": 79.53333333333335,
        "max": 79.53333333333335
      },
      "students_attending": {
        "mean": 80,
        "std": 0.0,
        "min": 80,
        "max": 80
      },
      "execution_time": {
        "mean": 1.4611704564094543,
        "std": 0.056725336442313826,
        "min": 1.3976202011108398,
        "max": 1.707458734512329
      }
    },
    "INF245": {
      "runs": 100,
      "fitness": {
        "mean": 31.350000000000005,
        "std": 0.0,
        "min": 31.350000000000005,
        "max": 31.350000000000005
      },
      "students_attending": {
        "mean": 33,
        "std": 0.0,
        "min": 33,
        "max": 33
      },
      "execution_time": {
        "mean": 0.5955340695381165,