{
  "SA": {
    "INF134": {
      "runs": 30,
      "fitness": {
        "mean": 32.660222222222224,
        "std": 0.6680817930820784,
        "min": 31.333333333333332,
        "max": 33.68333333333333
      },
      "students_attending": {
        "mean": 34.86666666666667,
        "std": 0.3457459036417604,
        "min": 34,
        "max": 35
      },
      "execution_time": {
        "mean": 0.0988749106725057,
        "std": 0.020058723565464266,
        "min": 0.06725287437438965,
        "max": 0.17896389961242676
      }
    },
    "INF152": {
      "runs": 30,
      "fitness": {
        "mean": 30.09722222222223,
        "std": 0.2756769214250369,
        "min": 29.36666666666667,
        "max": 30.28333333333334
      },
      "students_attending": {
        "mean": 33.96666666666667,
        "std": 1.4015590662158888,
        "min": 32,
        "max": 35
      },
      "execution_time": {
        "mean": 0.09850574334462484,
        "std": 0.010166318103273363,
        "min": 0.07335209846496582,
        "max": 0.13643908500671387
      }
    },
    "INF155": {
      "runs": 30,
      "fitness": {
        "mean": 78.38944444444445,
        "std": 0.45651611188290764,
        "min": 78.06666666666666,
        "max": 79.52
      },
      "students_attending": {
        "mean": 80,
        "std": 0.0,
        "min": 80,
        "max": 80
      },
      "execution_time": {
        "mean": 0.1944239060084025,
        "std": 0.017911714878225668,
        "min": 0.15920186042785645,
        "max": 0.21990609169006348
      }
    },
    "INF245": {
      "runs": 30,
      "fitness": {
        "mean": 30.352222222222224,
        "std": 0.6683967971320247,
        "min": 28.696666666666673,
        "max": 31.253333333333337
      },
      "students_attending": {
        "mean": 32.93333333333333,
        "std": 0.3651483716701107,
        "min": 31,
        "max": 33
      },
      "execution_time": {
        "mean": 0.0735275665918986,
        "std": 0.010655947329219888,
        "min": 0.05271601676940918,
        "max": 0.09549593925476074
      }
    },
    "INF246": {
      "runs": 30,
      "fitness": {
        "mean": 55.26933333333333,
        "std": 1.4248431788415126,
        "min": 50.43666666666666,
        "max": 56.766666666666666
      },
      "students_attending": {
        "mean": 57.9,
        "std": 0.40257789993644877,
        "min": 56,
        "max": 58
      },
      "execution_time": {
        "mean": 0.14173763593037922,
        "std": 0.022795512212180024,
        "min": 0.10433578491210938,
        "max": 0.18361806869506836
      }
    },
    "INF253": {
      "runs": 30,
      "fitness": {
        "mean": 62.85177777777778,
        "std": 0.4248332856097124,
        "min": 62.05,
        "max": 63.599999999999994
      },
      "students_attending": {
        "mean": 64,
        "std": 0.0,
        "min": 64,
        "max": 64
      },
      "execution_time": {
        "mean": 0.16918856302897137,
        "std": 0.015705600718523085,
        "min": 0.12789511680603027,
        "max": 0.20994997024536133
      }
    },
    "INF256": {
      "runs": 30,
      "fitness": {
        "mean": 14.987666666666668,
        "std": 0.4760969587975179,
        "min": 13.52,
        "max": 15.360000000000001
      },
      "students_attending": {
        "mean": 17.6,
        "std": 0.8136762043449725,
        "min": 16,
        "max": 18
      },
      "execution_time": {
        "mean": 0.04970808823903402,
        "std": 0.005500996843211799,
        "min": 0.036956787109375,
        "max": 0.05999588966369629
      }
    },
    "INF276": {
      "runs": 30,
      "fitness": {
        "mean": 46.23544444444444,
        "std": 1.2652304269205625,
        "min": 43.0,
        "max": 47.009999999999984
      },
      "students_attending": {
        "mean": 52.46666666666667,
        "std": 1.4793599112881344,
        "min": 45,
        "max": 53
      },
      "execution_time": {
        "mean": 0.15383705298105876,
        "std": 0.011289801869287106,
        "min": 0.13387203216552734,
        "max": 0.19399595260620117
      }
    },
    "INF280": {
      "runs": 30,
      "fitness": {
        "mean": 55.01333333333333,
        "std": 0.6949489355258387,
        "min": 53.58000000000001,
        "max": 55.93333333333332
      },
      "students_attending": {
        "mean": 58.733333333333334,
        "std": 0.639683829949492,
        "min": 57,
        "max": 59
      },
      "execution_time": {
        "mean": 0.16365726788838705,
        "std": 0.020196631292765815,
        "min": 0.12859892845153809,
        "max": 0.22000885009765625
      }
    },
    "INF285": {
      "runs": 30,
      "fitness": {
        "mean": 55.24811111111112,
        "std": 0.35281102507221773,
        "min": 54.90333333333335,
        "max": 56.16666666666667
      },
      "students_attending": {
        "mean": 58,
        "std": 0.0,
        "min": 58,
        "max": 58
      },
      "execution_time": {
        "mean": 0.16078413327534993,
        "std": 0.02187958772752406,
        "min": 0.10555195808410645,
        "max": 0.21376943588256836
      }
    },
    "INF295": {
      "runs": 30,
      "fitness": {
        "mean": 50.45277777777778,
        "std": 0.40357984613883724,
        "min": 50.00000000000001,
        "max": 51.23666666666665
      },
      "students_attending": {
        "mean": 52.63333333333333,
        "std": 0.49013251785356093,
        "min": 52,
        "max": 53
      },
      "execution_time": {
        "mean": 0.15595356623331705,
        "std": 0.012177724258175739,
        "min": 0.12559890747070312,
        "max": 0.17519021034240723
      }
    },
    "INF322": {
      "runs": 30,
      "fitness": {
        "mean": 67.67488888888892,
        "std": 1.0968047404025922,
        "min": 64.56666666666669,
        "max": 69.28333333333336
      },
      "students_attending": {
        "mean": 71.9,
        "std": 0.30512857662936466,
        "min": 71,
        "max": 72
      },
      "execution_time": {
        "mean": 0.21832241217295328,
        "std": 0.017248691830664825,
        "min": 0.1731400489807129,
        "max": 0.2616870403289795
      }
    }
  },
  "Solver": {
    "INF134": {
      "runs": 30,
      "fitness": {
        "mean": 33.91666666666665,
        "std": 0.0,
        "min": 33.91666666666665,
        "max": 33.91666666666665
      },
      "students_attending": {
        "mean": 35,
        "std": 0.0,
        "min": 35,
        "max": 35
      },
      "execution_time": {
        "mean": 0.5034536838531494,
        "std": 0.08698366420605314,
        "min": 0.4736320972442627,
        "max": 0.9550530910491943
      }
    },
    "INF152": {
      "runs": 30,
      "fitness": {
        "mean": 30.283333333333317,
        "std": 0.0,
        "min": 30.283333333333317,
        "max": 30.283333333333317
      },
      "students_attending": {
        "mean": 35,
        "std": 0.0,
        "min": 35,
        "max": 35
      },
      "execution_time": {
        "mean": 0.18717588583628336,
        "std": 0.015007335848280626,
        "min": 0.17689299583435059,
        "max": 0.22279930114746094
      }
    },
    "INF155": {
      "runs": 30,
      "fitness": {
        "mean": 79.53333333333335,
        "std": 0.0,
        "min": 79.53333333333335,
        "max": 79.53333333333335
      },
      "students_attending": {
        "mean": 80,
        "std": 0.0,
        "min": 80,
        "max": 80
      },
      "execution_time": {
        "mean": 1.4311254739761352,
        "std": 0.03624208685382054,
        "min": 1.3942360877990723,
        "max": 1.5586090087890625
      }
    },
    "INF245": {
      "runs": 30,
      "fitness": {
        "mean": 31.350000000000005,
        "std": 0.0,
        "min": 31.350000000000005,
        "max": 31.350000000000005
      },
      "students_attending": {
        "mean": 33,
        "std": 0.0,
        "min": 33,
        "max": 33
      },