{
  "SA": {
    "INF134": {
      "runs": 1000,
      "fitness": {
        "mean": 32.7656,
        "std": 0.7322353809380839,
        "min": 27.726666666666663,
        "max": 33.91666666666667
      },
      "students_attending": {
        "mean": 34.821,
        "std": 0.4766405209234588,
        "min": 32,
        "max": 35
      },
      "execution_time": {
        "mean": 0.0922670876979828,
        "std": 0.014124047072653429,
        "min": 0.056114912033081055,
        "max": 0.2389540672302246
      }
    },
    "INF152": {
      "runs": 1000,
      "fitness": {
        "mean": 30.073150000000005,
        "std": 0.39279876319607854,
        "min": 26.683333333333334,
        "max": 30.28333333333334
      },
      "students_attending": {
        "mean": 34.101,
        "std": 1.314734774594301,
        "min": 28,
        "max": 35
      },
      "execution_time": {
        "mean": 0.09679631924629212,
        "std": 0.011635854628025024,
        "min": 0.06612801551818848,
        "max": 0.16336393356323242
      }
    },
    "INF155": {
      "runs": 1000,
      "fitness": {
        "mean": 78.44927666666666,
        "std": 0.40782614631872105,
        "min": 78.06666666666666,
        "max": 79.53333333333335
      },
      "students_attending": {
        "mean": 80,
        "std": 0.0,
        "min": 80,
        "max": 80
      },
      "execution_time": {
        "mean": 0.1914254994392395,
        "std": 0.022111253763254686,
        "min": 0.11963105201721191,
        "max": 0.2720150947570801
      }
    },
    "INF245": {
      "runs": 1000,
      "fitness": {
        "mean": 30.392096666666667,
        "std": 0.6250372237519306,
        "min": 28.676666666666662,
        "max": 31.349999999999998
      },
      "students_attending": {
        "mean": 32.866,
        "std": 0.41498941699303155,
        "min": 31,
        "max": 33
      },
      "execution_time": {
        "mean": 0.13152985620498658,
        "std": 0.05656660038572308,
        "min": 0.0540919303894043,
        "max": 0.4895510673522949
      }
    },
    "INF246": {
      "runs": 1000,
      "fitness": {
        "mean": 54.902423333333324,
        "std": 1.5061444333347263,
        "min": 48.833333333333314,
        "max": 57.43333333333334
      },
      "students_attending": {
        "mean": 57.77,
        "std": 0.5526349657824823,
        "min": 53,
        "max": 58
      },
      "execution_time": {
        "mean": 0.240979834318161,
        "std": 0.0716168204319019,
        "min": 0.14131975173950195,
        "max": 0.9647440910339355
      }
    },
    "INF253": {
      "runs": 1000,
      "fitness": {
        "mean": 62.79841,
        "std": 0.4068576252812192,
        "min": 62.05,
        "max": 63.766666666666666
      },
      "students_attending": {
        "mean": 63.999,
        "std": 0.03162277660168379,
        "min": 63,
        "max": 64
      },
      "execution_time": {
        "mean": 0.2730463266372681,
        "std": 0.04658795522019691,
        "min": 0.18158197402954102,
        "max": 0.7443368434906006
      }
    },
    "INF256": {
      "runs": 1000,
      "fitness": {
        "mean": 15.19139,
        "std": 0.3136807420808568,
        "min": 12.5,
        "max": 15.360000000000001
      },
      "students_attending": {
        "mean": 17.783,
        "std": 0.6247409873710075,
        "min": 15,
        "max": 18
      },
      "execution_time": {
        "mean": 0.07653972506523132,
        "std": 0.010444464576352194,
        "min": 0.051177024841308594,
        "max": 0.16332697868347168
      }
    },
    "INF276": {
      "runs": 1000,
      "fitness": {
        "mean": 46.10842666666666,
        "std": 1.4197867551725738,
        "min": 41.786666666666676,
        "max": 47.009999999999984
      },
      "students_attending": {
        "mean": 52.303,
        "std": 1.7355699937493743,
        "min": 45,
        "max": 53
      },
      "execution_time": {
        "mean": 0.23113666939735414,
        "std": 0.023664587293960954,
        "min": 0.17481112480163574,
        "max": 0.4849281311035156
      }
    },
    "INF280": {
      "runs": 1000,
      "fitness": {
        "mean": 54.64278333333333,
        "std": 1.0401339703019845,
        "min": 48.84666666666668,
        "max": 55.93333333333332
      },
      "students_attending": {
        "mean": 58.536,
        "std": 0.8840166771534831,
        "min": 53,
        "max": 59
      },
      "execution_time": {
        "mean": 0.24796295857429504,
        "std": 0.035194739771450226,
        "min": 0.1513352394104004,
        "max": 0.5261280536651611
      }
    },
    "INF285": {
      "runs": 1000,
      "fitness": {
        "mean": 55.31532000000001,
        "std": 0.37403573848897836,
        "min": 54.90333333333335,
        "max": 56.16666666666667
      },
      "students_attending": {
        "mean": 58,
        "std": 0.0,
        "min": 58,
        "max": 58
      },
      "execution_time": {
        "mean": 0.24590353679656982,
        "std": 0.02885669888131051,
        "min": 0.15173602104187012,
        "max": 0.38866114616394043
      }
    },
    "INF295": {
      "runs": 1000,
      "fitness": {
        "mean": 50.357710000000004,
        "std": 0.3949765339388627,
        "min": 50.00000000000001,
        "max": 51.23666666666665
      },
      "students_attending": {
        "mean": 52.463,
        "std": 0.4988786223921405,
        "min": 52,
        "max": 53
      },
      "execution_time": {
        "mean": 0.2516302452087402,
        "std": 0.020924485701761447,
        "min": 0.1975700855255127,
        "max": 0.3887760639190674
      }
    },
    "INF322": {
      "runs": 1000,
      "fitness": {
        "mean": 67.31939666666669,
        "std": 1.2161147807825563,
        "min": 61.070000000000036,
        "max": 69.28333333333336
      },
      "students_attending": {
        "mean": 71.535,
        "std": 0.9389657377437457,
        "min": 67,
        "max": 72
      },
      "execution_time": {
        "mean": 0.3381149904727936,
        "std": 0.025527484569264767,
        "min": 0.2643551826477051,
        "max": 0.4962317943572998
      }
    }
  },
  "Solver": {
    "INF134": {
      "runs": 1000,
      "fitness": {
        "mean": 33.91666666666665,
        "std": 0.0,
        "min": 33.91666666666665,
        "max": 33.91666666666665
      },
      "students_attending": {
        "mean": 35,
        "std": 0.0,
        "min": 35,
        "max": 35
      },
      "execution_time": {
        "mean": 0.4992019143104553,
        "std": 0.05695271593555562,
        "min": 0.4779472351074219,
        "max": 1.5121982097625732
      }
    },
    "INF152": {
      "runs": 1000,
      "fitness": {
        "mean": 30.283333333333317,
        "std": 0.0,
        "min": 30.283333333333317,
        "max": 30.283333333333317
      },
      "students_attending": {
        "mean": 35,
        "std": 0.0,
        "min": 35,
        "max": 35
      },
      "execution_time": {
        "mean": 0.18622900795936584,
        "std": 0.014966882660252957,
        "min": 0.17709016799926758,
        "max": 0.2756831645965576
      }
    },
    "INF155": {
      "runs": 1000,
      "fitness": {
        "mean": 79.53333333333335,
        "std": 0.0,
        "min": 79.53333333333335,
        "max": 79.53333333333335
      },
      "students_attending": {
        "mean": 80,
        "std": 0.0,
        "min": 80,
        "max": 80
      },
      "execution_time": {
        "mean": 1.4728342854976655,
        "std": 0.1525186923023689,
        "min": 1.3968939781188965,
        "max": 2.7213618755340576
      }
    },
    "INF245": {
      "runs": 1000,
      "fitness": {
        "mean": 31.350000000000005,
        "std": 0.0,
        "min": 31.350000000000005,
        "max": 31.350000000000005
      },
      "students_attending": {
        "mean": 33,
        "std": 0.0,
        "min": 33,
        "max": 33
      },